ts, lonX, latY, maxWindKts, headingDeg, rMax, source, fSpeedKts
2021-08-24T06:00:00Z, -64.200000, 11.800000, 20.000000, 275.194429, 90.000000, BEST, 0.000000
2021-08-24T06:30:00Z, -64.383333, 11.816667, 20.000000, 275.194429, 90.000000, INTRP, 1.802868
2021-08-24T07:00:00Z, -64.566667, 11.833333, 20.000000, 275.194429, 90.000000, INTRP, 3.605737
2021-08-24T07:30:00Z, -64.750000, 11.850000, 20.000000, 275.194429, 90.000000, INTRP, 5.408605
2021-08-24T08:00:00Z, -64.933333, 11.866667, 20.000000, 275.194429, 90.000000, INTRP, 7.211474
2021-08-24T08:30:00Z, -65.116667, 11.883333, 20.000000, 275.194429, 90.000000, INTRP, 9.014342
2021-08-24T09:00:00Z, -65.300000, 11.900000, 20.000000, 275.194429, 90.000000, INTRP, 10.817211
2021-08-24T09:30:00Z, -65.483333, 11.916667, 20.000000, 275.194429, 90.000000, INTRP, 12.620079
2021-08-24T10:00:00Z, -65.666667, 11.933333, 20.000000, 275.194429, 90.000000, INTRP, 14.422948
2021-08-24T10:30:00Z, -65.850000, 11.950000, 20.000000, 275.194429, 90.000000, INTRP, 16.225816
2021-08-24T11:00:00Z, -66.033333, 11.966667, 20.000000, 275.194429, 90.000000, INTRP, 18.028684
2021-08-24T11:30:00Z, -66.216667, 11.983333, 20.000000, 275.194429, 90.000000, INTRP, 19.831553
2021-08-24T12:00:00Z, -66.400000, 12.000000, 20.000000, 272.602562, 90.000000, BEST, 21.634421
2021-08-24T12:30:00Z, -66.583333, 12.008333, 20.416667, 272.602562, 90.000000, INTRP, 21.627632
2021-08-24T13:00:00Z, -66.766667, 12.016667, 20.833333, 272.602562, 90.000000, INTRP, 21.620842
2021-08-24T13:30:00Z, -66.950000, 12.025000, 21.250000, 272.602562, 90.000000, INTRP, 21.614052
2021-08-24T14:00:00Z, -67.133333, 12.033333, 21.666667, 272.602562, 90.000000, INTRP, 21.607262
2021-08-24T14:30:00Z, -67.316667, 12.041667, 22.083333, 272.602562, 90.000000, INTRP, 21.600473
2021-08-24T15:00:00Z, -67.500000, 12.050000, 22.500000, 272.602562, 90.000000, INTRP, 21.593683
2021-08-24T15:30:00Z, -67.683333, 12.058333, 22.916667, 272.602562, 90.000000, INTRP, 21.586893
2021-08-24T16:00:00Z, -67.866667, 12.066667, 23.333333, 272.602562, 90.000000, INTRP, 21.580103
2021-08-24T16:30:00Z, -68.050000, 12.075000, 23.750000, 272.602562, 90.000000, INTRP, 21.573314
2021-08-24T17:00:00Z, -68.233333, 12.083333, 24.166667, 272.602562, 90.000000, INTRP, 21.566524
2021-08-24T17:30:00Z, -68.416667, 12.091667, 24.583333, 272.602562, 90.000000, INTRP, 21.559734
2021-08-24T18:00:00Z, -68.600000, 12.100000, 25.000000, 275.194429, 90.000000, BEST, 21.552944
2021-08-24T18:30:00Z, -68.783333, 12.116667, 25.000000, 275.194429, 90.000000, INTRP, 21.557737
2021-08-24T19:00:00Z, -68.966667, 12.133333, 25.000000, 275.194429, 90.000000, INTRP, 21.562530
2021-08-24T19:30:00Z, -69.150000, 12.150000, 25.000000, 275.194429, 90.000000, INTRP, 21.567323
2021-08-24T20:00:00Z, -69.333333, 12.166667, 25.000000, 275.194429, 90.000000, INTRP, 21.572115
2021-08-24T20:30:00Z, -69.516667, 12.183333, 25.000000, 275.194429, 90.000000, INTRP, 21.576908
2021-08-24T21:00:00Z, -69.700000, 12.200000, 25.000000, 275.194429, 90.000000, INTRP, 21.581701
2021-08-24T21:30:00Z, -69.883333, 12.216667, 25.000000, 275.194429, 90.000000, INTRP, 21.586494
2021-08-24T22:00:00Z, -70.066667, 12.233333, 25.000000, 275.194429, 90.000000, INTRP, 21.591287
2021-08-24T22:30:00Z, -70.250000, 12.250000, 25.000000, 275.194429, 90.000000, INTRP, 21.596079
2021-08-24T23:00:00Z, -70.433333, 12.266667, 25.000000, 275.194429, 90.000000, INTRP, 21.600872
2021-08-24T23:30:00Z, -70.616667, 12.283333, 25.000000, 275.194429, 90.000000, INTRP, 21.605665
2021-08-25T00:00:00Z, -70.800000, 12.300000, 25.000000, 274.969741, 90.000000, BEST, 21.610458
2021-08-25T00:30:00Z, -70.991667, 12.316667, 25.000000, 274.969741, 90.833333, INTRP, 21.690207
2021-08-25T01:00:00Z, -71.183333, 12.333333, 25.000000, 274.969741, 91.666667, INTRP, 21.769957
2021-08-25T01:30:00Z, -71.375000, 12.350000, 25.000000, 274.969741, 92.500000, INTRP, 21.849706
2021-08-25T02:00:00Z, -71.566667, 12.366667, 25.000000, 274.969741, 93.333333, INTRP, 21.929456
2021-08-25T02:30:00Z, -71.758333, 12.383333, 25.000000, 274.969741, 94.166667, INTRP, 22.009206
2021-08-25T03:00:00Z, -71.950000, 12.400000, 25.000000, 274.969741, 95.000000, INTRP, 22.088955
2021-08-25T03:30:00Z, -72.141667, 12.416667, 25.000000, 274.969741, 95.833333, INTRP, 22.168705
2021-08-25T04:00:00Z, -72.333333, 12.433333, 25.000000, 274.969741, 96.666667, INTRP, 22.248454
2021-08-25T04:30:00Z, -72.525000, 12.450000, 25.000000, 274.969741, 97.500000, INTRP, 22.328204
2021-08-25T05:00:00Z, -72.716667, 12.466667, 25.000000, 274.969741, 98.333333, INTRP, 22.407954
2021-08-25T05:30:00Z, -72.908333, 12.483333, 25.000000, 274.969741, 99.166667, INTRP, 22.487703
2021-08-25T06:00:00Z, -73.100000, 12.500000, 25.000000, 288.434949, 100.000000, BEST, 22.567453
2021-08-25T06:30:00Z, -73.250000, 12.550000, 25.416667, 288.434949, 99.166667, INTRP, 22.233685
2021-08-25T07:00:00Z, -73.400000, 12.600000, 25.833333, 288.434949, 98.333333, INTRP, 21.899918
2021-08-25T07:30:00Z, -73.550000, 12.650000, 26.250000, 288.434949, 97.500000, INTRP, 21.566150
2021-08-25T08:00:00Z, -73.700000, 12.700000, 26.666667, 288.434949, 96.666667, INTRP, 21.232382
2021-08-25T08:30:00Z, -73.850000, 12.750000, 27.083333, 288.434949, 95.833333, INTRP, 20.898615
2021-08-25T09:00:00Z, -74.000000, 12.800000, 27.500000, 288.434949, 95.000000, INTRP, 20.564847
2021-08-25T09:30:00Z, -74.150000, 12.850000, 27.916667, 288.434949, 94.166667, INTRP, 20.231080
2021-08-25T10:00:00Z, -74.300000, 12.900000, 28.333333, 288.434949, 93.333333, INTRP, 19.897312
2021-08-25T10:30:00Z, -74.450000, 12.950000, 28.750000, 288.434949, 92.500000, INTRP, 19.563544
2021-08-25T11:00:00Z, -74.600000, 13.000000, 29.166667, 288.434949, 91.666667, INTRP, 19.229777
2021-08-25T11:30:00Z, -74.750000, 13.050000, 29.583333, 288.434949, 90.833333, INTRP, 18.896009
2021-08-25T12:00:00Z, -74.900000, 13.100000, 30.000000, 289.983107, 90.000000, BEST, 18.562242
2021-08-25T12:30:00Z, -74.991667, 13.133333, 30.000000, 289.983107, 89.166667, INTRP, 17.968351
2021-08-25T13:00:00Z, -75.083333, 13.166667, 30.000000, 289.983107, 88.333333, INTRP, 17.374460
2021-08-25T13:30:00Z, -75.175000, 13.200000, 30.000000, 289.983107, 87.500000, INTRP, 16.780569
2021-08-25T14:00:00Z, -75.266667, 13.233333, 30.000000, 289.983107, 86.666667, INTRP, 16.186679
2021-08-25T14:30:00Z, -75.358333, 13.266667, 30.000000, 289.983107, 85.833333, INTRP, 15.592788
2021-08-25T15:00:00Z, -75.450000, 13.300000, 30.000000, 289.983107, 85.000000, INTRP, 14.998897
2021-08-25T15:30:00Z, -75.541667, 13.333333, 30.000000, 289.983107, 84.166667, INTRP, 14.405007
2021-08-25T16:00:00Z, -75.633333, 13.366667, 30.000000, 289.983107, 83.333333, INTRP, 13.811116
2021-08-25T16:30:00Z, -75.725000, 13.400000, 30.000000, 289.983107, 82.500000, INTRP, 13.217225
2021-08-25T17:00:00Z, -75.816667, 13.433333, 30.000000, 289.983107, 81.666667, INTRP, 12.623334
2021-08-25T17:30:00Z, -75.908333, 13.466667, 30.000000, 289.983107, 80.833333, INTRP, 12.029444
2021-08-25T18:00:00Z, -76.000000, 13.500000, 30.000000, 296.565051, 80.000000, BEST, 11.435553
2021-08-25T18:30:00Z, -76.083333, 13.541667, 30.000000, 296.565051, 80.000000, INTRP, 11.393599
2021-08-25T19:00:00Z, -76.166667, 13.583333, 30.000000, 296.565051, 80.000000, INTRP, 11.351644
2021-08-25T19:30:00Z, -76.250000, 13.625000, 30.000000, 296.565051, 80.000000, INTRP, 11.309690
2021-08-25T20:00:00Z, -76.333333, 13.666667, 30.000000, 296.565051, 80.000000, INTRP, 11.267735
2021-08-25T20:30:00Z, -76.416667, 13.708333, 30.000000, 296.565051, 80.000000, INTRP, 11.225781
2021-08-25T21:00:00Z, -76.500000, 13.750000, 30.000000, 296.565051, 80.000000, INTRP, 11.183826
2021-08-25T21:30:00Z, -76.583333, 13.791667, 30.000000, 296.565051, 80.000000, INTRP, 11.141872
2021-08-25T22:00:00Z, -76.666667, 13.833333, 30.000000, 296.565051, 80.000000, INTRP, 11.099917
2021-08-25T22:30:00Z, -76.750000, 13.875000, 30.000000, 296.565051, 80.000000, INTRP, 11.057963
2021-08-25T23:00:00Z, -76.833333, 13.916667, 30.000000, 296.565051, 80.000000, INTRP, 11.016008
2021-08-25T23:30:00Z, -76.916667, 13.958333, 30.000000, 296.565051, 80.000000, INTRP, 10.974054
2021-08-26T00:00:00Z, -77.000000, 14.000000, 30.000000, 320.194429, 80.000000, BEST, 10.932099
2021-08-26T00:30:00Z, -77.083333, 14.100000, 30.000000, 320.194429, 80.000000, INTRP, 11.306594
2021-08-26T01:00:00Z, -77.166667, 14.200000, 30.000000, 320.194429, 80.000000, INTRP, 11.681089
2021-08-26T01:30:00Z, -77.250000, 14.300000, 30.000000, 320.194429, 80.000000, INTRP, 12.055583
2021-08-26T02:00:00Z, -77.333333, 14.400000, 30.000000, 320.194429, 80.000000, INTRP, 12.430078
2021-08-26T02:30:00Z, -77.416667, 14.500000, 30.000000, 320.194429, 80.000000, INTRP, 12.804573
2021-08-26T03:00:00Z, -77.500000, 14.600000, 30.000000, 320.194429, 80.000000, INTRP, 13.179068
2021-08-26T03:30:00Z, -77.583333, 14.700000, 30.000000, 320.194429, 80.000000, INTRP, 13.553562
2021-08-26T04:00:00Z, -77.666667, 14.800000, 30.000000, 320.194429, 80.000000, INTRP, 13.928057
2021-08-26T04:30:00Z, -77.750000, 14.900000, 30.000000, 320.194429, 80.000000, INTRP, 14.302552
2021-08-26T05:00:00Z, -77.833333, 15.000000, 30.000000, 320.194429, 80.000000, INTRP, 14.677047
2021-08-26T05:30:00Z, -77.916667, 15.100000, 30.000000, 320.194429, 80.000000, INTRP, 15.051541
2021-08-26T06:00:00Z, -78.000000, 15.200000, 30.000000, 320.194429, 80.000000, BEST, 15.426036
2021-08-26T06:30:00Z, -78.083333, 15.300000, 30.000000, 320.194429, 78.333333, INTRP, 15.423166
2021-08-26T07:00:00Z, -78.166667, 15.400000, 30.000000, 320.194429, 76.666667, INTRP, 15.420297
2021-08-26T07:30:00Z, -78.250000, 15.500000, 30.000000, 320.194429, 75.000000, INTRP, 15.417427
2021-08-26T08:00:00Z, -78.333333, 15.600000, 30.000000, 320.194429, 73.333333, INTRP, 15.414557
2021-08-26T08:30:00Z, -78.416667, 15.700000, 30.000000, 320.194429, 71.666667, INTRP, 15.411687
2021-08-26T09:00:00Z, -78.500000, 15.800000, 30.000000, 320.194429, 70.000000, INTRP, 15.408817
2021-08-26T09:30:00Z, -78.583333, 15.900000, 30.000000, 320.194429, 68.333333, INTRP, 15.405947
2021-08-26T10:00:00Z, -78.666667, 16.000000, 30.000000, 320.194429, 66.666667, INTRP, 15.403078
2021-08-26T10:30:00Z, -78.750000, 16.100000, 30.000000, 320.194429, 65.000000, INTRP, 15.400208
2021-08-26T11:00:00Z, -78.833333, 16.200000, 30.000000, 320.194429, 63.333333, INTRP, 15.397338
2021-08-26T11:30:00Z, -78.916667, 16.300000, 30.000000, 320.194429, 61.666667, INTRP, 15.394468
2021-08-26T12:00:00Z, -79.000000, 16.400000, 30.000000, 340.016893, 60.000000, BEST, 15.391598
2021-08-26T12:30:00Z, -79.033333, 16.491667, 30.416667, 340.016893, 59.166667, INTRP, 15.080157
2021-08-26T13:00:00Z, -79.066667, 16.583333, 30.833333, 340.016893, 58.333333, INTRP, 14.768715
2021-08-26T13:30:00Z, -79.100000, 16.675000, 31.250000, 340.016893, 57.500000, INTRP, 14.457273
2021-08-26T14:00:00Z, -79.133333, 16.766667, 31.666667, 340.016893, 56.666667, INTRP, 14.145831
2021-08-26T14:30:00Z, -79.166667, 16.858333, 32.083333, 340.016893, 55.833333, INTRP, 13.834389
2021-08-26T15:00:00Z, -79.200000, 16.950000, 32.500000, 340.016893, 55.000000, INTRP, 13.522947
2021-08-26T15:30:00Z, -79.233333, 17.041667, 32.916667, 340.016893, 54.166667, INTRP, 13.211505
2021-08-26T16:00:00Z, -79.266667, 17.133333, 33.333333, 340.016893, 53.333333, INTRP, 12.900063
2021-08-26T16:30:00Z, -79.300000, 17.225000, 33.750000, 340.016893, 52.500000, INTRP, 12.588621
2021-08-26T17:00:00Z, -79.333333, 17.316667, 34.166667, 340.016893, 51.666667, INTRP, 12.277179
2021-08-26T17:30:00Z, -79.366667, 17.408333, 34.583333, 340.016893, 50.833333, INTRP, 11.965737
2021-08-26T18:00:00Z, -79.400000, 17.500000, 35.000000, 305.537678, 50.000000, BEST, 11.654295
2021-08-26T18:30:00Z, -79.458333, 17.541667, 35.416667, 305.537678, 50.000000, INTRP, 11.378022
2021-08-26T19:00:00Z, -79.516667, 17.583333, 35.833333, 305.537678, 50.000000, INTRP, 11.101748
2021-08-26T19:30:00Z, -79.575000, 17.625000, 36.250000, 305.537678, 50.000000, INTRP, 10.825475
2021-08-26T20:00:00Z, -79.633333, 17.666667, 36.666667, 305.537678, 50.000000, INTRP, 10.549201
2021-08-26T20:30:00Z, -79.691667, 17.708333, 37.083333, 305.537678, 50.000000, INTRP, 10.272928
2021-08-26T21:00:00Z, -79.750000, 17.750000, 37.500000, 305.537678, 50.000000, INTRP, 9.996654
2021-08-26T21:30:00Z, -79.808333, 17.791667, 37.916667, 305.537678, 50.000000, INTRP, 9.720381
2021-08-26T22:00:00Z, -79.866667, 17.833333, 38.333333, 305.537678, 50.000000, INTRP, 9.444107
2021-08-26T22:30:00Z, -79.925000, 17.875000, 38.750000, 305.537678, 50.000000, INTRP, 9.167834
2021-08-26T23:00:00Z, -79.983333, 17.916667, 39.166667, 305.537678, 50.000000, INTRP, 8.891560
2021-08-26T23:30:00Z, -80.041667, 17.958333, 39.583333, 305.537678, 50.000000, INTRP, 8.615287
2021-08-27T00:00:00Z, -80.100000, 18.000000, 40.000000, 331.927513, 50.000000, BEST, 8.339013
2021-08-27T00:30:00Z, -80.166667, 18.125000, 40.416667, 331.927513, 49.166667, INTRP, 9.045394
2021-08-27T01:00:00Z, -80.233333, 18.250000, 40.833333, 331.927513, 48.333333, INTRP, 9.751776
2021-08-27T01:30:00Z, -80.300000, 18.375000, 41.250000, 331.927513, 47.500000, INTRP, 10.458157
2021-08-27T02:00:00Z, -80.366667, 18.500000, 41.666667, 331.927513, 46.666667, INTRP, 11.164538
2021-08-27T02:30:00Z, -80.433333, 18.625000, 42.083333, 331.927513, 45.833333, INTRP, 11.870919
2021-08-27T03:00:00Z, -80.500000, 18.750000, 42.500000, 331.927513, 45.000000, INTRP, 12.577300
2021-08-27T03:30:00Z, -80.566667, 18.875000, 42.916667, 331.927513, 44.166667, INTRP, 13.283681
2021-08-27T04:00:00Z, -80.633333, 19.000000, 43.333333, 331.927513, 43.333333, INTRP, 13.990062
2021-08-27T04:30:00Z, -80.700000, 19.125000, 43.750000, 331.927513, 42.500000, INTRP, 14.696443
2021-08-27T05:00:00Z, -80.766667, 19.250000, 44.166667, 331.927513, 41.666667, INTRP, 15.402824
2021-08-27T05:30:00Z, -80.833333, 19.375000, 44.583333, 331.927513, 40.833333, INTRP, 16.109205
2021-08-27T06:00:00Z, -80.900000, 19.500000, 45.000000, 318.366461, 40.000000, BEST, 16.815586
2021-08-27T06:30:00Z, -80.966667, 19.575000, 45.833333, 318.366461, 39.166667, INTRP, 16.392286
2021-08-27T07:00:00Z, -81.033333, 19.650000, 46.666667, 318.366461, 38.333333, INTRP, 15.968985
2021-08-27T07:30:00Z, -81.100000, 19.725000, 47.500000, 318.366461, 37.500000, INTRP, 15.545685
2021-08-27T08:00:00Z, -81.166667, 19.800000, 48.333333, 318.366461, 36.666667, INTRP, 15.122384
2021-08-27T08:30:00Z, -81.233333, 19.875000, 49.166667, 318.366461, 35.833333, INTRP, 14.699083
2021-08-27T09:00:00Z, -81.300000, 19.950000, 50.000000, 318.366461, 35.000000, INTRP, 14.275783
2021-08-27T09:30:00Z, -81.366667, 20.025000, 50.833333, 318.366461, 34.166667, INTRP, 13.852482
2021-08-27T10:00:00Z, -81.433333, 20.100000, 51.666667, 318.366461, 33.333333, INTRP, 13.429182
2021-08-27T10:30:00Z, -81.500000, 20.175000, 52.500000, 318.366461, 32.500000, INTRP, 13.005881
2021-08-27T11:00:00Z, -81.566667, 20.250000, 53.333333, 318.366461, 31.666667, INTRP, 12.582581
2021-08-27T11:30:00Z, -81.633333, 20.325000, 54.166667, 318.366461, 30.833333, INTRP, 12.159280
2021-08-27T12:00:00Z, -81.700000, 20.400000, 55.000000, 320.194429, 30.000000, BEST, 11.735979
2021-08-27T12:30:00Z, -81.783333, 20.500000, 56.250000, 320.194429, 29.166667, INTRP, 12.025810
2021-08-27T13:00:00Z, -81.866667, 20.600000, 57.500000, 320.194429, 28.333333, INTRP, 12.315642
2021-08-27T13:30:00Z, -81.950000, 20.700000, 58.750000, 320.194429, 27.500000, INTRP, 12.605473
2021-08-27T14:00:00Z, -82.033333, 20.800000, 60.000000, 320.194429, 26.666667, INTRP, 12.895304
2021-08-27T14:30:00Z, -82.116667, 20.900000, 61.250000, 320.194429, 25.833333, INTRP, 13.185135
2021-08-27T15:00:00Z, -82.200000, 21.000000, 62.500000, 320.194429, 25.000000, INTRP, 13.474966
2021-08-27T15:30:00Z, -82.283333, 21.100000, 63.750000, 320.194429, 24.166667, INTRP, 13.764797
2021-08-27T16:00:00Z, -82.366667, 21.200000, 65.000000, 320.194429, 23.333333, INTRP, 14.054628
2021-08-27T16:30:00Z, -82.450000, 21.300000, 66.250000, 320.194429, 22.500000, INTRP, 14.344459
2021-08-27T17:00:00Z, -82.533333, 21.400000, 67.500000, 320.194429, 21.666667, INTRP, 14.634291
2021-08-27T17:30:00Z, -82.616667, 21.500000, 68.750000, 320.194429, 20.833333, INTRP, 14.924122
2021-08-27T18:00:00Z, -82.700000, 21.600000, 70.000000, 318.366461, 20.000000, BEST, 15.213953
2021-08-27T18:30:00Z, -82.766667, 21.675000, 70.000000, 318.366461, 20.000000, INTRP, 14.918527
2021-08-27T19:00:00Z, -82.833333, 21.750000, 70.000000, 318.366461, 20.000000, INTRP, 14.623100
2021-08-27T19:30:00Z, -82.900000, 21.825000, 70.000000, 318.366461, 20.000000, INTRP, 14.327674
2021-08-27T20:00:00Z, -82.966667, 21.900000, 70.000000, 318.366461, 20.000000, INTRP, 14.032248
2021-08-27T20:30:00Z, -83.033333, 21.975000, 70.000000, 318.366461, 20.000000, INTRP, 13.736821
2021-08-27T21:00:00Z, -83.100000, 22.050000, 70.000000, 318.366461, 20.000000, INTRP, 13.441395
2021-08-27T21:30:00Z, -83.166667, 22.125000, 70.000000, 318.366461, 20.000000, INTRP, 13.145969
2021-08-27T22:00:00Z, -83.233333, 22.200000, 70.000000, 318.366461, 20.000000, INTRP, 12.850543
2021-08-27T22:30:00Z, -83.300000, 22.275000, 70.000000, 318.366461, 20.000000, INTRP, 12.555116
2021-08-27T23:00:00Z, -83.366667, 22.350000, 70.000000, 318.366461, 20.000000, INTRP, 12.259690
2021-08-27T23:30:00Z, -83.433333, 22.425000, 70.000000, 318.366461, 20.000000, INTRP, 11.964264
2021-08-28T00:00:00Z, -83.500000, 22.500000, 70.000000, 309.805571, 20.000000, BEST, 11.668837
2021-08-28T00:30:00Z, -83.600000, 22.583333, 70.000000, 309.805571, 20.000000, INTRP, 11.938938
2021-08-28T01:00:00Z, -83.700000, 22.666667, 70.000000, 309.805571, 20.000000, INTRP, 12.209040
2021-08-28T01:30:00Z, -83.800000, 22.750000, 70.000000, 309.805571, 20.000000, INTRP, 12.479141
2021-08-28T02:00:00Z, -83.900000, 22.833333, 70.000000, 309.805571, 20.000000, INTRP, 12.749242
2021-08-28T02:30:00Z, -84.000000, 22.916667, 70.000000, 309.805571, 20.000000, INTRP, 13.019343
2021-08-28T03:00:00Z, -84.100000, 23.000000, 70.000000, 309.805571, 20.000000, INTRP, 13.289444
2021-08-28T03:30:00Z, -84.200000, 23.083333, 70.000000, 309.805571, 20.000000, INTRP, 13.559545
2021-08-28T04:00:00Z, -84.300000, 23.166667, 70.000000, 309.805571, 20.000000, INTRP, 13.829646
2021-08-28T04:30:00Z, -84.400000, 23.250000, 70.000000, 309.805571, 20.000000, INTRP, 14.099747
2021-08-28T05:00:00Z, -84.500000, 23.333333, 70.000000, 309.805571, 20.000000, INTRP, 14.369848
2021-08-28T05:30:00Z, -84.600000, 23.416667, 70.000000, 309.805571, 20.000000, INTRP, 14.639950
2021-08-28T06:00:00Z, -84.700000, 23.500000, 70.000000, 311.987212, 20.000000, BEST, 14.910051
2021-08-28T06:30:00Z, -84.783333, 23.575000, 70.416667, 311.987212, 20.000000, INTRP, 14.737140
2021-08-28T07:00:00Z, -84.866667, 23.650000, 70.833333, 311.987212, 20.000000, INTRP, 14.564229
2021-08-28T07:30:00Z, -84.950000, 23.725000, 71.250000, 311.987212, 20.000000, INTRP, 14.391318
2021-08-28T08:00:00Z, -85.033333, 23.800000, 71.666667, 311.987212, 20.000000, INTRP, 14.218407
2021-08-28T08:30:00Z, -85.116667, 23.875000, 72.083333, 311.987212, 20.000000, INTRP, 14.045496
2021-08-28T09:00:00Z, -85.200000, 23.950000, 72.500000, 311.987212, 20.000000, INTRP, 13.872585
2021-08-28T09:30:00Z, -85.283333, 24.025000, 72.916667, 311.987212, 20.000000, INTRP, 13.699674
2021-08-28T10:00:00Z, -85.366667, 24.100000, 73.333333, 311.987212, 20.000000, INTRP, 13.526764
2021-08-28T10:30:00Z, -85.450000, 24.175000, 73.750000, 311.987212, 20.000000, INTRP, 13.353853
2021-08-28T11:00:00Z, -85.533333, 24.250000, 74.166667, 311.987212, 20.000000, INTRP, 13.180942
2021-08-28T11:30:00Z, -85.616667, 24.325000, 74.583333, 311.987212, 20.000000, INTRP, 13.008031
2021-08-28T12:00:00Z, -85.700000, 24.400000, 75.000000, 323.130102, 20.000000, BEST, 12.835120
2021-08-28T12:30:00Z, -85.775000, 24.500000, 76.250000, 323.130102, 20.000000, INTRP, 12.975476
2021-08-28T13:00:00Z, -85.850000, 24.600000, 77.500000, 323.130102, 20.000000, INTRP, 13.115832
2021-08-28T13:30:00Z, -85.925000, 24.700000, 78.750000, 323.130102, 20.000000, INTRP, 13.256189
2021-08-28T14:00:00Z, -86.000000, 24.800000, 80.000000, 323.130102, 20.000000, INTRP, 13.396545
2021-08-28T14:30:00Z, -86.075000, 24.900000, 81.250000, 323.130102, 20.000000, INTRP, 13.536901
2021-08-28T15:00:00Z, -86.150000, 25.000000, 82.500000, 323.130102, 20.000000, INTRP, 13.677257
2021-08-28T15:30:00Z, -86.225000, 25.100000, 83.750000, 323.130102, 20.000000, INTRP, 13.817613
2021-08-28T16:00:00Z, -86.300000, 25.200000, 85.000000, 323.130102, 20.000000, INTRP, 13.957969
2021-08-28T16:30:00Z, -86.375000, 25.300000, 86.250000, 323.130102, 20.000000, INTRP, 14.098325
2021-08-28T17:00:00Z, -86.450000, 25.400000, 87.500000, 323.130102, 20.000000, INTRP, 14.238682
2021-08-28T17:30:00Z, -86.525000, 25.500000, 88.750000, 323.130102, 20.000000, INTRP, 14.379038
2021-08-28T18:00:00Z, -86.600000, 25.600000, 90.000000, 320.710593, 20.000000, BEST, 14.519394
2021-08-28T18:30:00Z, -86.675000, 25.691667, 90.000000, 320.710593, 20.000000, INTRP, 14.447530
2021-08-28T19:00:00Z, -86.750000, 25.783333, 90.000000, 320.710593, 20.000000, INTRP, 14.375667
2021-08-28T19:30:00Z, -86.825000, 25.875000, 90.000000, 320.710593, 20.000000, INTRP, 14.303804
2021-08-28T20:00:00Z, -86.900000, 25.966667, 90.000000, 320.710593, 20.000000, INTRP, 14.231940
2021-08-28T20:30:00Z, -86.975000, 26.058333, 90.000000, 320.710593, 20.000000, INTRP, 14.160077
2021-08-28T21:00:00Z, -87.050000, 26.150000, 90.000000, 320.710593, 20.000000, INTRP, 14.088213
2021-08-28T21:30:00Z, -87.125000, 26.241667, 90.000000, 320.710593, 20.000000, INTRP, 14.016350
2021-08-28T22:00:00Z, -87.200000, 26.333333, 90.000000, 320.710593, 20.000000, INTRP, 13.944486
2021-08-28T22:30:00Z, -87.275000, 26.425000, 90.000000, 320.710593, 20.000000, INTRP, 13.872623
2021-08-28T23:00:00Z, -87.350000, 26.516667, 90.000000, 320.710593, 20.000000, INTRP, 13.800759
2021-08-28T23:30:00Z, -87.425000, 26.608333, 90.000000, 320.710593, 20.000000, INTRP, 13.728896
2021-08-29T00:00:00Z, -87.500000, 26.700000, 90.000000, 306.027373, 20.000000, BEST, 13.657033
2021-08-29T00:30:00Z, -87.591667, 26.766667, 91.666667, 306.027373, 19.583333, INTRP, 13.573376
2021-08-29T01:00:00Z, -87.683333, 26.833333, 93.333333, 306.027373, 19.166667, INTRP, 13.489720
2021-08-29T01:30:00Z, -87.775000, 26.900000, 95.000000, 306.027373, 18.750000, INTRP, 13.406063
2021-08-29T02:00:00Z, -87.866667, 26.966667, 96.666667, 306.027373, 18.333333, INTRP, 13.322407
2021-08-29T02:30:00Z, -87.958333, 27.033333, 98.333333, 306.027373, 17.916667, INTRP, 13.238751
2021-08-29T03:00:00Z, -88.050000, 27.100000, 100.000000, 306.027373, 17.500000, INTRP, 13.155094
2021-08-29T03:30:00Z, -88.141667, 27.166667, 101.666667, 306.027373, 17.083333, INTRP, 13.071438
2021-08-29T04:00:00Z, -88.233333, 27.233333, 103.333333, 306.027373, 16.666667, INTRP, 12.987781
2021-08-29T04:30:00Z, -88.325000, 27.300000, 105.000000, 306.027373, 16.250000, INTRP, 12.904125
2021-08-29T05:00:00Z, -88.416667, 27.366667, 106.666667, 306.027373, 15.833333, INTRP, 12.820469
2021-08-29T05:30:00Z, -88.508333, 27.433333, 108.333333, 306.027373, 15.416667, INTRP, 12.736812
2021-08-29T06:00:00Z, -88.600000, 27.500000, 110.000000, 311.633539, 15.000000, OFCL, 12.653156
2021-08-29T06:30:00Z, -88.675000, 27.566667, 110.208333, 311.633539, 15.000000, INTRP, 12.595421
2021-08-29T07:00:00Z, -88.750000, 27.633333, 110.416667, 311.633539, 15.000000, INTRP, 12.537686
2021-08-29T07:30:00Z, -88.825000, 27.700000, 110.625000, 311.633539, 15.000000, INTRP, 12.479950
2021-08-29T08:00:00Z, -88.900000, 27.766667, 110.833333, 311.633539, 15.000000, INTRP, 12.422215
2021-08-29T08:30:00Z, -88.975000, 27.833333, 111.041667, 311.633539, 15.000000, INTRP, 12.364480
2021-08-29T09:00:00Z, -89.050000, 27.900000, 111.250000, 311.633539, 15.000000, INTRP, 12.306745
2021-08-29T09:30:00Z, -89.125000, 27.966667, 111.458333, 311.633539, 15.000000, INTRP, 12.249010
2021-08-29T10:00:00Z, -89.200000, 28.033333, 111.666667, 311.633539, 15.000000, INTRP, 12.191274
2021-08-29T10:30:00Z, -89.275000, 28.100000, 111.875000, 311.633539, 15.000000, INTRP, 12.133539
2021-08-29T11:00:00Z, -89.350000, 28.166667, 112.083333, 311.633539, 15.000000, INTRP, 12.075804
2021-08-29T11:30:00Z, -89.425000, 28.233333, 112.291667, 311.633539, 15.000000, INTRP, 12.018069
2021-08-29T12:00:00Z, -89.500000, 28.300000, 112.500000, 311.633539, 15.000000, INTRP, 11.960334
2021-08-29T12:30:00Z, -89.575000, 28.366667, 112.708333, 311.633539, 15.000000, INTRP, 11.902598
2021-08-29T13:00:00Z, -89.650000, 28.433333, 112.916667, 311.633539, 15.000000, INTRP, 11.844863
2021-08-29T13:30:00Z, -89.725000, 28.500000, 113.125000, 311.633539, 15.000000, INTRP, 11.787128
2021-08-29T14:00:00Z, -89.800000, 28.566667, 113.333333, 311.633539, 15.000000, INTRP, 11.729393
2021-08-29T14:30:00Z, -89.875000, 28.633333, 113.541667, 311.633539, 15.000000, INTRP, 11.671658
2021-08-29T15:00:00Z, -89.950000, 28.700000, 113.750000, 311.633539, 15.000000, INTRP, 11.613922
2021-08-29T15:30:00Z, -90.025000, 28.766667, 113.958333, 311.633539, 15.000000, INTRP, 11.556187
2021-08-29T16:00:00Z, -90.100000, 28.833333, 114.166667, 311.633539, 15.000000, INTRP, 11.498452
2021-08-29T16:30:00Z, -90.175000, 28.900000, 114.375000, 311.633539, 15.000000, INTRP, 11.440717
2021-08-29T17:00:00Z, -90.250000, 28.966667, 114.583333, 311.633539, 15.000000, INTRP, 11.382982
2021-08-29T17:30:00Z, -90.325000, 29.033333, 114.791667, 311.633539, 15.000000, INTRP, 11.325246
2021-08-29T18:00:00Z, -90.400000, 29.100000, 115.000000, 327.264774, 15.000000, OFCL, 11.267511
2021-08-29T18:30:00Z, -90.437500, 29.158333, 112.916667, 327.264774, 15.000000, INTRP, 11.132233
2021-08-29T19:00:00Z, -90.475000, 29.216667, 110.833333, 327.264774, 15.000000, INTRP, 10.996954
2021-08-29T19:30:00Z, -90.512500, 29.275000, 108.750000, 327.264774, 15.000000, INTRP, 10.861676
2021-08-29T20:00:00Z, -90.550000, 29.333333, 106.666667, 327.264774, 15.000000, INTRP, 10.726398
2021-08-29T20:30:00Z, -90.587500, 29.391667, 104.583333, 327.264774, 15.000000, INTRP, 10.591119
2021-08-29T21:00:00Z, -90.625000, 29.450000, 102.500000, 327.264774, 15.000000, INTRP, 10.455841
2021-08-29T21:30:00Z, -90.662500, 29.508333, 100.416667, 327.264774, 15.000000, INTRP, 10.320563
2021-08-29T22:00:00Z, -90.700000, 29.566667, 98.333333, 327.264774, 15.000000, INTRP, 10.185284
2021-08-29T22:30:00Z, -90.737500, 29.625000, 96.250000, 327.264774, 15.000000, INTRP, 10.050006
2021-08-29T23:00:00Z, -90.775000, 29.683333, 94.166667, 327.264774, 15.000000, INTRP, 9.914728
2021-08-29T23:30:00Z, -90.812500, 29.741667, 92.083333, 327.264774, 15.000000, INTRP, 9.779449
2021-08-30T00:00:00Z, -90.850000, 29.800000, 90.000000, 327.264774, 15.000000, INTRP, 9.644171
2021-08-30T00:30:00Z, -90.887500, 29.858333, 87.916667, 327.264774, 15.000000, INTRP, 9.508893
2021-08-30T01:00:00Z, -90.925000, 29.916667, 85.833333, 327.264774, 15.000000, INTRP, 9.373614
2021-08-30T01:30:00Z, -90.962500, 29.975000, 83.750000, 327.264774, 15.000000, INTRP, 9.238336
2021-08-30T02:00:00Z, -91.000000, 30.033333, 81.666667, 327.264774, 15.000000, INTRP, 9.103058
2021-08-30T02:30:00Z, -91.037500, 30.091667, 79.583333, 327.264774, 15.000000, INTRP, 8.967779
2021-08-30T03:00:00Z, -91.075000, 30.150000, 77.500000, 327.264774, 15.000000, INTRP, 8.832501
2021-08-30T03:30:00Z, -91.112500, 30.208333, 75.416667, 327.264774, 15.000000, INTRP, 8.697223
2021-08-30T04:00:00Z, -91.150000, 30.266667, 73.333333, 327.264774, 15.000000, INTRP, 8.561944
2021-08-30T04:30:00Z, -91.187500, 30.325000, 71.250000, 327.264774, 15.000000, INTRP, 8.426666
2021-08-30T05:00:00Z, -91.225000, 30.383333, 69.166667, 327.264774, 15.000000, INTRP, 8.291388
2021-08-30T05:30:00Z, -91.262500, 30.441667, 67.083333, 327.264774, 15.000000, INTRP, 8.156109
2021-08-30T06:00:00Z, -91.300000, 30.500000, 65.000000, 3.366461, 15.000000, OFCL, 8.020831
2021-08-30T06:30:00Z, -91.295833, 30.570833, 63.750000, 3.366461, 15.000000, INTRP, 8.041482
2021-08-30T07:00:00Z, -91.291667, 30.641667, 62.500000, 3.366461, 15.000000, INTRP, 8.062133
2021-08-30T07:30:00Z, -91.287500, 30.712500, 61.250000, 3.366461, 15.000000, INTRP, 8.082784
2021-08-30T08:00:00Z, -91.283333, 30.783333, 60.000000, 3.366461, 15.000000, INTRP, 8.103435
2021-08-30T08:30:00Z, -91.279167, 30.854167, 58.750000, 3.366461, 15.000000, INTRP, 8.124087
2021-08-30T09:00:00Z, -91.275000, 30.925000, 57.500000, 3.366461, 15.000000, INTRP, 8.144738
2021-08-30T09:30:00Z, -91.270833, 30.995833, 56.250000, 3.366461, 15.000000, INTRP, 8.165389
2021-08-30T10:00:00Z, -91.266667, 31.066667, 55.000000, 3.366461, 15.000000, INTRP, 8.186040
2021-08-30T10:30:00Z, -91.262500, 31.137500, 53.750000, 3.366461, 15.000000, INTRP, 8.206691
2021-08-30T11:00:00Z, -91.258333, 31.208333, 52.500000, 3.366461, 15.000000, INTRP, 8.227342
2021-08-30T11:30:00Z, -91.254167, 31.279167, 51.250000, 3.366461, 15.000000, INTRP, 8.247994
2021-08-30T12:00:00Z, -91.250000, 31.350000, 50.000000, 3.366461, 15.000000, INTRP, 8.268645
2021-08-30T12:30:00Z, -91.245833, 31.420833, 48.750000, 3.366461, 15.000000, INTRP, 8.289296
2021-08-30T13:00:00Z, -91.241667, 31.491667, 47.500000, 3.366461, 15.000000, INTRP, 8.309947
2021-08-30T13:30:00Z, -91.237500, 31.562500, 46.250000, 3.366461, 15.000000, INTRP, 8.330598
2021-08-30T14:00:00Z, -91.233333, 31.633333, 45.000000, 3.366461, 15.000000, INTRP, 8.351249
2021-08-30T14:30:00Z, -91.229167, 31.704167, 43.750000, 3.366461, 15.000000, INTRP, 8.371901
2021-08-30T15:00:00Z, -91.225000, 31.775000, 42.500000, 3.366461, 15.000000, INTRP, 8.392552
2021-08-30T15:30:00Z, -91.220833, 31.845833, 41.250000, 3.366461, 15.000000, INTRP, 8.413203
2021-08-30T16:00:00Z, -91.216667, 31.916667, 40.000000, 3.366461, 15.000000, INTRP, 8.433854
2021-08-30T16:30:00Z, -91.212500, 31.987500, 38.750000, 3.366461, 15.000000, INTRP, 8.454505
2021-08-30T17:00:00Z, -91.208333, 32.058333, 37.500000, 3.366461, 15.000000, INTRP, 8.475156
2021-08-30T17:30:00Z, -91.204167, 32.129167, 36.250000, 3.366461, 15.000000, INTRP, 8.495808
2021-08-30T18:00:00Z, -91.200000, 32.200000, 35.000000, 31.429566, 15.000000, OFCL, 8.516459
2021-08-30T18:30:00Z, -91.154167, 32.275000, 34.583333, 31.429566, 15.000000, INTRP, 8.583166
2021-08-30T19:00:00Z, -91.108333, 32.350000, 34.166667, 31.429566, 15.000000, INTRP, 8.649873
2021-08-30T19:30:00Z, -91.062500, 32.425000, 33.750000, 31.429566, 15.000000, INTRP, 8.716580
2021-08-30T20:00:00Z, -91.016667, 32.500000, 33.333333, 31.429566, 15.000000, INTRP, 8.783288
2021-08-30T20:30:00Z, -90.970833, 32.575000, 32.916667, 31.429566, 15.000000, INTRP, 8.849995
2021-08-30T21:00:00Z, -90.925000, 32.650000, 32.500000, 31.429566, 15.000000, INTRP, 8.916702
2021-08-30T21:30:00Z, -90.879167, 32.725000, 32.083333, 31.429566, 15.000000, INTRP, 8.983409
2021-08-30T22:00:00Z, -90.833333, 32.800000, 31.666667, 31.429566, 15.000000, INTRP, 9.050117
2021-08-30T22:30:00Z, -90.787500, 32.875000, 31.250000, 31.429566, 15.000000, INTRP, 9.116824
2021-08-30T23:00:00Z, -90.741667, 32.950000, 30.833333, 31.429566, 15.000000, INTRP, 9.183531
2021-08-30T23:30:00Z, -90.695833, 33.025000, 30.416667, 31.429566, 15.000000, INTRP, 9.250238
2021-08-31T00:00:00Z, -90.650000, 33.100000, 30.000000, 31.429566, 15.000000, INTRP, 9.316945
2021-08-31T00:30:00Z, -90.604167, 33.175000, 29.583333, 31.429566, 15.000000, INTRP, 9.383653
2021-08-31T01:00:00Z, -90.558333, 33.250000, 29.166667, 31.429566, 15.000000, INTRP, 9.450360
2021-08-31T01:30:00Z, -90.512500, 33.325000, 28.750000, 31.429566, 15.000000, INTRP, 9.517067
2021-08-31T02:00:00Z, -90.466667, 33.400000, 28.333333, 31.429566, 15.000000, INTRP, 9.583774
2021-08-31T02:30:00Z, -90.420833, 33.475000, 27.916667, 31.429566, 15.000000, INTRP, 9.650482
2021-08-31T03:00:00Z, -90.375000, 33.550000, 27.500000, 31.429566, 15.000000, INTRP, 9.717189
2021-08-31T03:30:00Z, -90.329167, 33.625000, 27.083333, 31.429566, 15.000000, INTRP, 9.783896
2021-08-31T04:00:00Z, -90.283333, 33.700000, 26.666667, 31.429566, 15.000000, INTRP, 9.850603
2021-08-31T04:30:00Z, -90.237500, 33.775000, 26.250000, 31.429566, 15.000000, INTRP, 9.917310
2021-08-31T05:00:00Z, -90.191667, 33.850000, 25.833333, 31.429566, 15.000000, INTRP, 9.984018
2021-08-31T05:30:00Z, -90.145833, 33.925000, 25.416667, 31.429566, 15.000000, INTRP, 10.050725
2021-08-31T06:00:00Z, -90.100000, 34.000000, 25.000000, 49.635463, 15.000000, OFCL, 10.117432
2021-08-31T06:30:00Z, -90.016667, 34.070833, 24.791667, 49.635463, 15.000000, INTRP, 10.188475
2021-08-31T07:00:00Z, -89.933333, 34.141667, 24.583333, 49.635463, 15.000000, INTRP, 10.259519
2021-08-31T07:30:00Z, -89.850000, 34.212500, 24.375000, 49.635463, 15.000000, INTRP, 10.330562
2021-08-31T08:00:00Z, -89.766667, 34.283333, 24.166667, 49.635463, 15.000000, INTRP, 10.401605
2021-08-31T08:30:00Z, -89.683333, 34.354167, 23.958333, 49.635463, 15.000000, INTRP, 10.472649
2021-08-31T09:00:00Z, -89.600000, 34.425000, 23.750000, 49.635463, 15.000000, INTRP, 10.543692
2021-08-31T09:30:00Z, -89.516667, 34.495833, 23.541667, 49.635463, 15.000000, INTRP, 10.614735
2021-08-31T10:00:00Z, -89.433333, 34.566667, 23.333333, 49.635463, 15.000000, INTRP, 10.685778
2021-08-31T10:30:00Z, -89.350000, 34.637500, 23.125000, 49.635463, 15.000000, INTRP, 10.756822
2021-08-31T11:00:00Z, -89.266667, 34.708333, 22.916667, 49.635463, 15.000000, INTRP, 10.827865
2021-08-31T11:30:00Z, -89.183333, 34.779167, 22.708333, 49.635463, 15.000000, INTRP, 10.898908
2021-08-31T12:00:00Z, -89.100000, 34.850000, 22.500000, 49.635463, 15.000000, INTRP, 10.969952
2021-08-31T12:30:00Z, -89.016667, 34.920833, 22.291667, 49.635463, 15.000000, INTRP, 11.040995
2021-08-31T13:00:00Z, -88.933333, 34.991667, 22.083333, 49.635463, 15.000000, INTRP, 11.112038
2021-08-31T13:30:00Z, -88.850000, 35.062500, 21.875000, 49.635463, 15.000000, INTRP, 11.183082
2021-08-31T14:00:00Z, -88.766667, 35.133333, 21.666667, 49.635463, 15.000000, INTRP, 11.254125
2021-08-31T14:30:00Z, -88.683333, 35.204167, 21.458333, 49.635463, 15.000000, INTRP, 11.325168
2021-08-31T15:00:00Z, -88.600000, 35.275000, 21.250000, 49.635463, 15.000000, INTRP, 11.396211
2021-08-31T15:30:00Z, -88.516667, 35.345833, 21.041667, 49.635463, 15.000000, INTRP, 11.467255
2021-08-31T16:00:00Z, -88.433333, 35.416667, 20.833333, 49.635463, 15.000000, INTRP, 11.538298
2021-08-31T16:30:00Z, -88.350000, 35.487500, 20.625000, 49.635463, 15.000000, INTRP, 11.609341
2021-08-31T17:00:00Z, -88.266667, 35.558333, 20.416667, 49.635463, 15.000000, INTRP, 11.680385
2021-08-31T17:30:00Z, -88.183333, 35.629167, 20.208333, 49.635463, 15.000000, INTRP, 11.751428
2021-08-31T18:00:00Z, -88.100000, 35.700000, 20.000000, 67.671344, 15.000000, OFCL, 11.822471
2021-08-31T18:30:00Z, -87.983333, 35.747917, 20.000000, 67.671344, 15.000000, INTRP, 11.838620
2021-08-31T19:00:00Z, -87.866667, 35.795833, 20.000000, 67.671344, 15.000000, INTRP, 11.854770
2021-08-31T19:30:00Z, -87.750000, 35.843750, 20.000000, 67.671344, 15.000000, INTRP, 11.870919
2021-08-31T20:00:00Z, -87.633333, 35.891667, 20.000000, 67.671344, 15.000000, INTRP, 11.887069
2021-08-31T20:30:00Z, -87.516667, 35.939583, 20.000000, 67.671344, 15.000000, INTRP, 11.903218
2021-08-31T21:00:00Z, -87.400000, 35.987500, 20.000000, 67.671344, 15.000000, INTRP, 11.919367
2021-08-31T21:30:00Z, -87.283333, 36.035417, 20.000000, 67.671344, 15.000000, INTRP, 11.935517
2021-08-31T22:00:00Z, -87.166667, 36.083333, 20.000000, 67.671344, 15.000000, INTRP, 11.951666
2021-08-31T22:30:00Z, -87.050000, 36.131250, 20.000000, 67.671344, 15.000000, INTRP, 11.967815
2021-08-31T23:00:00Z, -86.933333, 36.179167, 20.000000, 67.671344, 15.000000, INTRP, 11.983965
2021-08-31T23:30:00Z, -86.816667, 36.227083, 20.000000, 67.671344, 15.000000, INTRP, 12.000114
2021-09-01T00:00:00Z, -86.700000, 36.275000, 20.000000, 67.671344, 15.000000, INTRP, 12.016263
2021-09-01T00:30:00Z, -86.583333, 36.322917, 20.000000, 67.671344, 15.000000, INTRP, 12.032413
2021-09-01T01:00:00Z, -86.466667, 36.370833, 20.000000, 67.671344, 15.000000, INTRP, 12.048562
2021-09-01T01:30:00Z, -86.350000, 36.418750, 20.000000, 67.671344, 15.000000, INTRP, 12.064712
2021-09-01T02:00:00Z, -86.233333, 36.466667, 20.000000, 67.671344, 15.000000, INTRP, 12.080861
2021-09-01T02:30:00Z, -86.116667, 36.514583, 20.000000, 67.671344, 15.000000, INTRP, 12.097010
2021-09-01T03:00:00Z, -86.000000, 36.562500, 20.000000, 67.671344, 15.000000, INTRP, 12.113160
2021-09-01T03:30:00Z, -85.883333, 36.610417, 20.000000, 67.671344, 15.000000, INTRP, 12.129309
2021-09-01T04:00:00Z, -85.766667, 36.658333, 20.000000, 67.671344, 15.000000, INTRP, 12.145458
2021-09-01T04:30:00Z, -85.650000, 36.706250, 20.000000, 67.671344, 15.000000, INTRP, 12.161608
2021-09-01T05:00:00Z, -85.533333, 36.754167, 20.000000, 67.671344, 15.000000, INTRP, 12.177757
2021-09-01T05:30:00Z, -85.416667, 36.802083, 20.000000, 67.671344, 15.000000, INTRP, 12.193906
2021-09-01T06:00:00Z, -85.300000, 36.850000, 20.000000, 67.671344, 15.000000, INTRP, 12.210056
2021-09-01T06:30:00Z, -85.183333, 36.897917, 20.000000, 67.671344, 15.000000, INTRP, 12.226205
2021-09-01T07:00:00Z, -85.066667, 36.945833, 20.000000, 67.671344, 15.000000, INTRP, 12.242354
2021-09-01T07:30:00Z, -84.950000, 36.993750, 20.000000, 67.671344, 15.000000, INTRP, 12.258504
2021-09-01T08:00:00Z, -84.833333, 37.041667, 20.000000, 67.671344, 15.000000, INTRP, 12.274653
2021-09-01T08:30:00Z, -84.716667, 37.089583, 20.000000, 67.671344, 15.000000, INTRP, 12.290803
2021-09-01T09:00:00Z, -84.600000, 37.137500, 20.000000, 67.671344, 15.000000, INTRP, 12.306952
2021-09-01T09:30:00Z, -84.483333, 37.185417, 20.000000, 67.671344, 15.000000, INTRP, 12.323101
2021-09-01T10:00:00Z, -84.366667, 37.233333, 20.000000, 67.671344, 15.000000, INTRP, 12.339251
2021-09-01T10:30:00Z, -84.250000, 37.281250, 20.000000, 67.671344, 15.000000, INTRP, 12.355400
2021-09-01T11:00:00Z, -84.133333, 37.329167, 20.000000, 67.671344, 15.000000, INTRP, 12.371549
2021-09-01T11:30:00Z, -84.016667, 37.377083, 20.000000, 67.671344, 15.000000, INTRP, 12.387699
2021-09-01T12:00:00Z, -83.900000, 37.425000, 20.000000, 67.671344, 15.000000, INTRP, 12.403848
2021-09-01T12:30:00Z, -83.783333, 37.472917, 20.000000, 67.671344, 15.000000, INTRP, 12.419997
2021-09-01T13:00:00Z, -83.666667, 37.520833, 20.000000, 67.671344, 15.000000, INTRP, 12.436147
2021-09-01T13:30:00Z, -83.550000, 37.568750, 20.000000, 67.671344, 15.000000, INTRP, 12.452296
2021-09-01T14:00:00Z, -83.433333, 37.616667, 20.000000, 67.671344, 15.000000, INTRP, 12.468445
2021-09-01T14:30:00Z, -83.316667, 37.664583, 20.000000, 67.671344, 15.000000, INTRP, 12.484595
2021-09-01T15:00:00Z, -83.200000, 37.712500, 20.000000, 67.671344, 15.000000, INTRP, 12.500744
2021-09-01T15:30:00Z, -83.083333, 37.760417, 20.000000, 67.671344, 15.000000, INTRP, 12.516894
2021-09-01T16:00:00Z, -82.966667, 37.808333, 20.000000, 67.671344, 15.000000, INTRP, 12.533043
2021-09-01T16:30:00Z, -82.850000, 37.856250, 20.000000, 67.671344, 15.000000, INTRP, 12.549192
2021-09-01T17:00:00Z, -82.733333, 37.904167, 20.000000, 67.671344, 15.000000, INTRP, 12.565342
2021-09-01T17:30:00Z, -82.616667, 37.952083, 20.000000, 67.671344, 15.000000, INTRP, 12.581491
2021-09-01T18:00:00Z, -82.500000, 38.000000, 20.000000, 67.671344, 15.000000, OFCL, 12.597640
